categoryName,categoryStatus,subcategoryName,subcategoryStatus,contentName,contentStatus
Clothing,Active,Tops ,Active,Blouses ,Active
Clothing,Active,Tops ,Active,Shirts ,Active
Clothing,Active,Tops ,Active,T-shirts ,Active
Clothing,Active,Tops ,Active,Vests ,Active
Clothing,Active,Tops ,Active,Tank Tops ,Active
Clothing,Active,Tops ,Active,Camis ,Active
Clothing,Active,Tops ,Active,Camisoles ,Active
Clothing,Active,Tops ,Active,Hoodies ,Active
Clothing,Active,Tops ,Active,Sweatshirts ,Active
Clothing,Active,Tops ,Active,Sweaters ,Active
Clothing,Active,Tops ,Active,Cardigans ,Active
Clothing,Active,Tops ,Active,Jackets ,Active
Clothing,Active,Tops ,Active,Coats ,Active
Clothing,Active,Tops ,Active,Coats ,Active
Clothing,Active,Buttoms,Active,Skirts ,Active
Clothing,Active,Buttoms,Active,Pants ,Active
Clothing,Active,Buttoms,Active,Leggings ,Active
Clothing,Active,Buttoms,Active,Shorts ,Active
Clothing,Active,Buttoms,Active,Sweatpants ,Active
Clothing,Active,Buttoms,Active,Jeans ,Active
Clothing,Active,Dresses ,Active,Dresses ,Active
Clothing,Active,Dresses ,Active,Short Dresses ,Active
Clothing,Active,Dresses ,Active,Mini Dresses ,Active
Clothing,Active,Dresses ,Active,Long Dresses ,Active
Clothing,Active,Dresses ,Active,Midi Dresses ,Active
Clothing,Active,Dresses ,Active,Maxi Dresses ,Active
Clothing,Active,Suits ,Active,Blazers ,Active
Clothing,Active,Suits ,Active,Suit Sets,Active
Clothing,Active,Suits ,Active,Lightweight Blazers ,Active
Clothing,Active,Suits ,Active,Suit Jackets ,Active
Clothing,Active,Suits ,Active,Jackets ,Active
Clothing,Active,Suits ,Active,Coats ,Active
Clothing,Active,Suits ,Active,Suit Pants ,Active
Clothing,Active,Suits ,Active,Two-piece Suits ,Active
Clothing,Active,Suits ,Active,Three-piece Suits ,Active
Clothing,Active,Suits ,Active,Jumpsuits ,Active
Clothing,Active,Suits ,Active,Bodysuits ,Active
Clothing,Active,Suits ,Active,Unitards ,Active
Clothing,Active,Co-ords ,Active,Co-ords,Active
Clothing,Active,Co-ords ,Active,Suits ,Active
Clothing,Active,Co-ords ,Active,One-Piece_Co-ords ,Active
Clothing,Active,Co-ords ,Active,Two-Piece_Co-ords ,Active
Clothing,Active,Co-ords ,Active,Sweater Co-ords ,Active
Clothing,Active,Co-ords ,Active,One-Piece_Outfits ,Active
Clothing,Active,Co-ords ,Active,Two-Piece_Outfits ,Active
Clothing,Active,Wears ,Active,Dresses ,Active
Clothing,Active,Wears ,Active,Outerwear ,Active
Clothing,Active,Wears ,Active,Underwear ,Active
Clothing,Active,Wears ,Active,Sleepwear ,Active
Clothing,Active,Wears ,Active,Beachwear ,Active
Clothing,Active,Wears ,Active,Party Wear ,Active
Clothing,Active,Wears ,Active,Knitwear ,Active
Clothing,Active,Wears ,Active,Sports Wears ,Active
Clothing,Active,Wears ,Active,Sleep Wears ,Active
Clothing,Active,Wears ,Active,Lounge Wears ,Active
Clothing,Active,Outerwear ,Active,Coats ,Active
Clothing,Active,Outerwear ,Active,Jackets ,Active
Clothing,Active,Outerwear ,Active,Trench Coats ,Active
Clothing,Active,Outerwear ,Active,Overcoats ,Active
Clothing,Active,Outerwear ,Active,Winter Coats ,Active
Clothing,Active,Outerwear ,Active,Down Coats ,Active
Clothing,Active,Outerwear ,Active,Faux Fur Coats ,Active
Clothing,Active,Outerwear ,Active,Lightweight Jackets ,Active
Clothing,Active,Knitwears,Active,Sweaters ,Active
Clothing,Active,Knitwears,Active,Knit Tops ,Active
Clothing,Active,Knitwears,Active,Sweater Dresses ,Active
Clothing,Active,Knitwears,Active,Cardigans ,Active
Clothing,Active,Knitwears,Active,Sweater Co-ords ,Active
Clothing,Active,Knitwears,Active,Sweater Skirts ,Active
Clothing,Active,Knitwears,Active,Sweater Pants ,Active
Clothing,Active,Knitwears,Active,Sweater Vests ,Active
Clothing,Active,Knitwears,Active,Lightweight Cardigans ,Active
Clothing,Active,Knitwears,Active,Sweater Jumpsuits ,Active
Clothing,Active,Knitwears,Active,Sweater Bodysuits ,Active
Clothing,Active,Sleep Wear ,Active,Sleep & Lounge Wears,Active
Clothing,Active,Sleep Wear ,Active,Socks ,Active
Clothing,Active,Sleep Wear ,Active,Autumn & Winter Wears,Active
Clothing,Active,Sports Wear ,Active,Sportswear ,Active
Clothing,Active,Sports Wear ,Active,Jerseys ,Active
Clothing,Active,Sports Wear ,Active,Jersey Tops ,Active
Clothing,Active,Sports Wear ,Active,Jersey Shorts ,Active
Clothing,Active,Sports Wear ,Active,Activewear ,Active
Clothing,Active,Underwear ,Active,Women Panties ,Active
Clothing,Active,Underwear ,Active,Bra ,Active
Clothing,Active,Underwear ,Active,Panty Sets ,Active
Clothing,Active,Underwear ,Active,Lingerie ,Active
Clothing,Active,Underwear ,Active,Teddies ,Active
Clothing,Active,Underwear ,Active,Bodysuits ,Active
Clothing,Active,Underwear ,Active,Socks ,Active
Clothing,Active,Beachwear ,Active,Bikinis ,Active
Clothing,Active,Beachwear ,Active,Tankinis ,Active
Clothing,Active,Beachwear ,Active,Bikini Sets ,Active
Clothing,Active,Beachwear ,Active,Kimonos ,Active
Clothing,Active,Beachwear ,Active,Bikini Tops ,Active
Clothing,Active,Beachwear ,Active,Bikini Bottoms ,Active
Clothing,Active,Beachwear ,Active,Swimming Wear ,Active
Clothing,Active,Beachwear ,Active,Diving Wear ,Active
Clothing,Active,Beachwear ,Active,Swim Dresses ,Active
Clothing,Active,Beachwear ,Active,Rash guards ,Active
Clothing,Active,Beachwear ,Active,Boardshorts ,Active
Clothing,Active,Beachwear ,Active,Burkinis ,Active
Clothing,Active,Beachwear ,Active,Cover Ups ,Active
Clothing,Active,Beachwear ,Active,Tween Girls Bikini Sets ,Active
Clothing,Active,Beachwear ,Active,Maternity Tankinis ,Active
Clothing,Active,Beachwear ,Active,Teen Girls Bikini Sets ,Active
Clothing,Active,Beachwear ,Active,Plus Size Bikini Sets ,Active
Clothing,Active,Beachwear ,Active,Young Girls Bikini Sets ,Active
Clothing,Active,Beachwear ,Active,Plus Size Tankinis ,Active
Clothing,Active,Beachwear ,Active,Baby Girls Beachwear ,Active
Clothing,Active,Beachwear ,Active,Tween Girls Tankinis ,Active
Clothing,Active,Beachwear ,Active,Teen Girls Tankinis ,Active
Clothing,Active,Occasional Wears ,Active,Maternity Clothing ,Active
Clothing,Active,Occasional Wears ,Active,Wedding_Dress ,Active
Clothing,Active,Clothing Type ,Active,Biker Shorts ,Active
Clothing,Active,Clothing Type ,Active,Pleated ,Active
Clothing,Active,Clothing Type ,Active,Asymmetrical ,Active
Clothing,Active,Clothing Type ,Active,Wide Strap ,Active
Clothing,Active,Clothing Type ,Active,Skort ,Active
Clothing,Active,Clothing Type ,Active,Kaftan ,Active
Clothing,Active,Clothing Type ,Active,Shacket ,Active
Clothing,Active,Clothing Type ,Active,Shorts ,Active
Clothing,Active,Clothing Type ,Active,Sweatshirt ,Active
Clothing,Active,Clothing Type ,Active,Varsity Jackets ,Active
Clothing,Active,Clothing Type ,Active,Parka ,Active
Clothing,Active,Clothing Type ,Active,Pullovers ,Active
Clothing,Active,Clothing Type ,Active,Stirrup ,Active
Clothing,Active,Clothing Type ,Active,Cardigan ,Active
Clothing,Active,Clothing Type ,Active,Basic Tops ,Active
Clothing,Active,Clothing Type ,Active,Wrap ,Active
Clothing,Active,Clothing Type ,Active,Skirt ,Active
Clothing,Active,Clothing Type ,Active,Peplum ,Active
Clothing,Active,Clothing Type ,Active,Fitted ,Active
Clothing,Active,Clothing Type ,Active,Regular ,Active
Clothing,Active,Clothing Type ,Active,Straight Leg ,Active
Clothing,Active,Clothing Type ,Active,Smock ,Active
Clothing,Active,Clothing Type ,Active,Dress ,Active
Clothing,Active,Clothing Type ,Active,Tank ,Active
Clothing,Active,Clothing Type ,Active,Unitard ,Active
Clothing,Active,Clothing Type ,Active,Skinny ,Active
Clothing,Active,Clothing Type ,Active,Top ,Active
Clothing,Active,Clothing Type ,Active,Straight ,Active
Clothing,Active,Clothing Type ,Active,Harem/Genie ,Active
Clothing,Active,Clothing Type ,Active,Halter ,Active
Clothing,Active,Clothing Type ,Active,Jogger ,Active
Clothing,Active,Clothing Type ,Active,Tee ,Active
Clothing,Active,Clothing Type ,Active,Pants ,Active
Clothing,Active,Clothing Type ,Active,Biker Jackets ,Active
Clothing,Active,Clothing Type ,Active,Cargo Pants ,Active
Clothing,Active,Clothing Type ,Active,Half Placket ,Active
Clothing,Active,Clothing Type ,Active,vest ,Active
Clothing,Active,Clothing Type ,Active,Fit and Flare ,Active
Clothing,Active,Clothing Type ,Active,Windbreaker ,Active
Clothing,Active,Clothing Type ,Active,Tube ,Active
Clothing,Active,Clothing Type ,Active,Shirt ,Active
Clothing,Active,Clothing Type ,Active,Overall ,Active
Clothing,Active,Clothing Type ,Active,Pencil ,Active
Clothing,Active,Clothing Type ,Active,Flare Leg ,Active
Clothing,Active,Clothing Type ,Active,Tunic ,Active
Clothing,Active,Clothing Type ,Active,Tapered/Carrot ,Active
Clothing,Active,Clothing Type ,Active,A Line ,Active
Clothing,Active,Clothing Type ,Active,Parachute ,Active
Clothing,Active,Clothing Type ,Active,Track Shorts ,Active
Clothing,Active,Clothing Type ,Active,Pea Coat ,Active
Clothing,Active,Clothing Type ,Active,Quilted ,Active
Clothing,Active,Clothing Type ,Active,Poncho ,Active
Clothing,Active,Clothing Type ,Active,Mermaid ,Active
Clothing,Active,Clothing Type ,Active,Pinafore ,Active
Clothing,Active,Clothing Type ,Active,Flared ,Active
Clothing,Active,Clothing Type ,Active,Cape ,Active
Clothing,Active,Clothing Type ,Active,Wide Leg ,Active
Clothing,Active,Clothing Type ,Active,Other ,Active
Clothing,Active,Clothing Type ,Active,Bodycon ,Active
Clothing,Active,Clothing Type ,Active,Zip Up ,Active
Clothing,Active,Clothing Type ,Active,Bomber Jackets ,Active
Clothing,Active,Clothing Type ,Active,Teddy ,Active
Clothing,Active,Clothing Type ,Active,Puffer ,Active
Clothing,Active,Clothing Type ,Active,Layered/Tiered ,Active
Clothing,Active,Clothing Type ,Active,Cami ,Active
Clothing,Active,Clothing Type ,Active,Slit ,Active
Clothing,Active,Clothing Type ,Active,Bermuda ,Active
Clothing,Active,Length ,Active,Mini ,Active
Clothing,Active,Length ,Active,Capris ,Active
Clothing,Active,Length ,Active,Maxi ,Active
Clothing,Active,Length ,Active,Micro Crop ,Active
Clothing,Active,Length ,Active,Crop ,Active
Clothing,Active,Length ,Active,Regular ,Active
Clothing,Active,Length ,Active,Mid-Calf ,Active
Clothing,Active,Length ,Active,Midi ,Active
Clothing,Active,Length ,Active,Extra Long ,Active
Clothing,Active,Length ,Active,Thigh Length ,Active
Clothing,Active,Length ,Active,Cropped ,Active
Clothing,Active,Length ,Active,Mini Shorts ,Active
Clothing,Active,Length ,Active,Knee Length ,Active
Clothing,Active,Length ,Active,Long ,Active
Clothing,Active,Length ,Active,Bermuda shorts ,Active
Clothing,Active,Length ,Active,Short ,Active
Clothing,Active,Length ,Active,Half Sleeve ,Active
Clothing,Active,Length ,Active,Cap Sleeve ,Active
Clothing,Active,Length ,Active,Extra-Long Sleeve ,Active
Clothing,Active,Length ,Active,Three Quarter Length Sleeve ,Active
Clothing,Active,Length ,Active,Sleeveless ,Active
Clothing,Active,Length ,Active,Short Sleeve ,Active
Clothing,Active,Length ,Active,Wrist-Length Sleeve ,Active
Clothing,Active,Length ,Active,Long Sleeve ,Active
Clothing,Active,Materials ,Active,Knitted Fabric ,Active
Clothing,Active,Materials ,Active,Fabric ,Active
Clothing,Active,Materials ,Active,Cotton ,Active
Clothing,Active,Materials ,Active,Polyester ,Active
Clothing,Active,Materials ,Active,Rib knit ,Active
Clothing,Active,Materials ,Active,Woven Fabric ,Active
Clothing,Active,Materials ,Active,Mesh Fabric ,Active
Clothing,Active,Materials ,Active,Lace ,Active
Clothing,Active,Materials ,Active,Cotton Blends ,Active
Clothing,Active,Materials ,Active,Non-woven Fabric ,Active
Clothing,Active,Materials ,Active,Knitwear ,Active
Clothing,Active,Materials ,Active,Velvet ,Active
Clothing,Active,Materials ,Active,Sequins ,Active
Clothing,Active,Materials ,Active,Composite Fabric ,Active
Clothing,Active,Materials ,Active,Satin ,Active
Clothing,Active,Materials ,Active,Flocking ,Active
Clothing,Active,Materials ,Active,Metallic ,Active
Clothing,Active,Materials ,Active,Flannelette ,Active
Clothing,Active,Materials ,Active,Polyurethane (PU) ,Active
Clothing,Active,Materials ,Active,Coated Fabric ,Active
Clothing,Active,Materials ,Active,PET ,Active
Clothing,Active,Materials ,Active,The Special Effect Printing ,Active
Clothing,Active,Materials ,Active,Chiffon ,Active
Clothing,Active,Materials ,Active,Embroidery ,Active
Clothing,Active,Materials ,Active,Glitter ,Active
Clothing,Active,Materials ,Active,Canvas ,Active
Clothing,Active,Materials ,Active,Suedette ,Active
Clothing,Active,Materials ,Active,Wool ,Active
Clothing,Active,Materials ,Active,Tweed ,Active
Clothing,Active,Materials ,Active,Denim ,Active
Clothing,Active,Materials ,Active,Linen ,Active
Clothing,Active,Materials ,Active,Corduroy ,Active
Clothing,Active,Materials ,Active,Metal ,Active
Clothing,Active,Materials ,Active,Nylon ,Active
Clothing,Active,Materials ,Active,Wool-Like Fabric ,Active
Clothing,Active,Denim ,Active,Denis Jeans,Active
Clothing,Active,Denim ,Active,Denim Dresses ,Active
Clothing,Active,Denim ,Active,Denim Tops ,Active
Clothing,Active,Denim ,Active,Denim Jacket and Coats ,Active
Clothing,Active,Denim ,Active,Denim Overalls ,Active
Clothing,Active,Denim ,Active,Denim Jumpsuits ,Active
Clothing,Active,Denim ,Active,Denim Shorts ,Active
Clothing,Active,Denim ,Active,Denim Jumps ,Active
Clothing,Active,Denim ,Active,Denim Skirts ,Active
Clothing,Active,Denim ,Active,Denim Two-piece Outfit ,Active
Clothing,Active,Pattern Type,Active,Plaid ,Active
Clothing,Active,Pattern Type,Active,Ombre ,Active
Clothing,Active,Pattern Type,Active,Chain Print ,Active
Clothing,Active,Pattern Type,Active,Polka Dot ,Active
Clothing,Active,Pattern Type,Active,Zebra Stripe ,Active
Clothing,Active,Pattern Type,Active,Colorblock ,Active
Clothing,Active,Pattern Type,Active,Animal ,Active
Clothing,Active,Pattern Type,Active,Chevron ,Active
Clothing,Active,Pattern Type,Active,Pop Art Print ,Active
Clothing,Active,Pattern Type,Active,Graphic ,Active
Clothing,Active,Pattern Type,Active,Paisley ,Active
Clothing,Active,Pattern Type,Active,Tribal ,Active
Clothing,Active,Pattern Type,Active,Leopard Print ,Active
Clothing,Active,Pattern Type,Active,Striped ,Active
Clothing,Active,Pattern Type,Active,Tie Dye ,Active
Clothing,Active,Pattern Type,Active,Flag ,Active
Clothing,Active,Pattern Type,Active,Marble ,Active
Clothing,Active,Pattern Type,Active,Fire ,Active
Clothing,Active,Pattern Type,Active,Ditsy Floral ,Active
Clothing,Active,Pattern Type,Active,Butterfly ,Active
Clothing,Active,Pattern Type,Active,Textured Pattern ,Active
Clothing,Active,Pattern Type,Active,Plain ,Active
Clothing,Active,Pattern Type,Active,Star ,Active
Clothing,Active,Pattern Type,Active,Cartoon ,Active
Clothing,Active,Pattern Type,Active,Tropical ,Active
Clothing,Active,Pattern Type,Active,Fruit ,Active
Clothing,Active,Pattern Type,Active,Vegetable ,Active
Clothing,Active,Pattern Type,Active,All Over Print ,Active
Clothing,Active,Pattern Type,Active,Geometric ,Active
Clothing,Active,Pattern Type,Active,Halloween ,Active
Clothing,Active,Pattern Type,Active,Letter ,Active
Clothing,Active,Pattern Type,Active,Christmas ,Active
Clothing,Active,Pattern Type,Active,Figure ,Active
Clothing,Active,Pattern Type,Active,Gingham ,Active
Clothing,Active,Pattern Type,Active,Houndstooth ,Active
Clothing,Active,Pattern Type,Active,Floral ,Active
Clothing,Active,Pattern Type,Active,Baroque ,Active
Clothing,Active,Pattern Type,Active,Rainbow Stripe ,Active
Clothing,Active,Pattern Type,Active,Plants ,Active
Clothing,Active,Pattern Type,Active,Random Print ,Active
Clothing,Active,Pattern Type,Active,Slogan ,Active
Clothing,Active,Pattern Type,Active,Heart ,Active
Home Improvement,Active,Lighting & Lamps ,Active,Lighting & Lamp ,Active
Home Improvement,Active,Lighting & Lamps ,Active,Festival Lighting ,Active
Home Improvement,Active,Lighting & Lamps ,Active,Indoor Lighting ,Active
Home Improvement,Active,Lighting & Lamps ,Active,Novelty Lighting ,Active
Home Improvement,Active,Lighting & Lamps ,Active,Outdoor Lighting ,Active
Home Improvement,Active,Lighting & Lamps ,Active,Portable Lighting ,Active
Home Improvement,Active,Lighting & Lamps ,Active,Commercial Lighting ,Active
Home Improvement,Active,Lighting & Lamps ,Active,Professional Lighting ,Active
Home Improvement,Active,Lighting & Lamps ,Active,Ceiling Lights & Fans ,Active
Home Improvement,Active,Lighting & Lamps ,Active,Lamps & Shades ,Active
Home Improvement,Active,Lighting & Lamps ,Active,Light Accessories ,Active
Home Improvement,Active,Lighting & Lamps ,Active,Customized Lighting ,Active
Home Improvement,Active,Hardware ,Active,Faucets & Accessories ,Active
Home Improvement,Active,Hardware ,Active,Floor Drain ,Active
Home Improvement,Active,Hardware ,Active,Showerheads & Accessories ,Active
Home Improvement,Active,Hardware ,Active,Door Hardware & Locks ,Active
Home Improvement,Active,Hardware ,Active,Cabinet Hardware ,Active
Home Improvement,Active,Hardware ,Active,Window Hardware ,Active
Home Improvement,Active,Hardware ,Active,Adhesives & Sealers ,Active
Home Improvement,Active,Hardware ,Active,Furniture Hardware ,Active
Home Improvement,Active,Hardware ,Active,Hasps & Locks ,Active
Home Improvement,Active,Hardware ,Active,Fasteners & Hooks ,Active
Home Improvement,Active,Hardware ,Active,Brackets & Clamps ,Active
Home Improvement,Active,Hardware ,Active,Springs ,Active
Home Improvement,Active,Hardware ,Active,Power Transmission ,Active
Home Improvement,Active,Hardware ,Active,Magnetic Materials ,Active
Home Improvement,Active,Hardware ,Active,Mechanical Hardware ,Active
Home Improvement,Active,Hardware ,Active,Mailboxes & Accessories ,Active
Home Improvement,Active,Hardware ,Active,Tarps & Tie-Downs ,Active
Home Improvement,Active,Hardware ,Active,Hanging Hardware ,Active
Home Improvement,Active,Hardware ,Active,Snaps ,Active
Home Improvement,Active,Kitchen & Bathroom Fixtures ,Active,Kitchen Fixtures ,Active
Home Improvement,Active,Kitchen & Bathroom Fixtures ,Active,Water Filtration & Softeners ,Active
Home Improvement,Active,Kitchen & Bathroom Fixtures ,Active,Bathroom Fixtures ,Active
Tools and DIY,Active,Measurement & Analysis Instrum ,Active,Temperature Instruments ,Active
Tools and DIY,Active,Measurement & Analysis Instrum ,Active,Weighing Scales ,Active
Tools and DIY,Active,Measurement & Analysis Instrum ,Active,Timers ,Active
Tools and DIY,Active,Measurement & Analysis Instrum ,Active,Borescopes ,Active
Tools and DIY,Active,Measurement & Analysis Instrum ,Active,Optical Instruments ,Active
Tools and DIY,Active,Measurement & Analysis Instrum ,Active,Electrical Instruments ,Active
Tools and DIY,Active,Measurement & Analysis Instrum ,Active,Measuring & Gouging Tools ,Active
Tools and DIY,Active,Measurement & Analysis Instrum ,Active,Counters ,Active
Tools and DIY,Active,Measurement & Analysis Instrum ,Active,Electronic Measuring Instrument ,Active
Tools and DIY,Active,Measurement & Analysis Instrum ,Active,Instrument Parts & Accessories ,Active
Tools and DIY,Active,Measurement & Analysis Instrum ,Active,Analyzers ,Active
Tools and DIY,Active,Measurement & Analysis Instrum ,Active,Physical Measuring Instrument ,Active
Tools and DIY,Active,Measurement & Analysis Instrum ,Active,Level Measuring Instruments ,Active
Tools and DIY,Active,Measurement & Analysis Instrum ,Active,Pressure Measuring Instrument ,Active
Tools and DIY,Active,Measurement & Analysis Instrum ,Active,Testing Equipment ,Active
Tools and DIY,Active,Measurement & Analysis Instrum ,Active,Temperature Humidity Instrument ,Active
Tools and DIY,Active,Measurement & Analysis Instrum ,Active,Marking Tools ,Active
Tools and DIY,Active,Measurement & Analysis Instrum ,Active,Scales ,Active
Tools and DIY,Active,Measurement & Analysis Instrum ,Active,Thermometers & Weather ,Active
Tools and DIY,Active,Measurement & Analysis Instrum ,Active,Instruments ,Active
Tools and DIY,Active,Tools ,Active,Hand Tools ,Active
Tools and DIY,Active,Tools ,Active,Garden Tools ,Active
Tools and DIY,Active,Tools ,Active,Garden Twine & Twist Ties ,Active
Tools and DIY,Active,Tools ,Active,Storage & Tool Organization ,Active
Tools and DIY,Active,Tools ,Active,Woodworking Machinery & P ,Active
Tools and DIY,Active,Tools ,Active,Tool Accessories ,Active
Tools and DIY,Active,Tools ,Active,Machine Tools & Accessories ,Active
Tools and DIY,Active,Tools ,Active,Power Tools ,Active
Tools and DIY,Active,Tools ,Active,Plumbing Tools,Active
Tools and DIY,Active,Home Protective Equipment ,Active,Home Security Systems ,Active
Tools and DIY,Active,Home Protective Equipment ,Active,Personal Protective Equipme ,Active
Tools and DIY,Active,Home Protective Equipment ,Active,Safety Signs & Signals ,Active
Tools and DIY,Active,Home Protective Equipment ,Active,Security Alarm ,Active
Tools and DIY,Active,Home Protective Equipment ,Active,Emergency Kits & Supplies ,Active
Tools and DIY,Active,Home Protective Equipment ,Active,Safes ,Active
Tools and DIY,Active,Home Protective Equipment ,Active,Access Control ,Active
Tools and DIY,Active,Electrical Equipments & Supplies ,Active,Power Supplies ,Active
Tools and DIY,Active,Electrical Equipments & Supplies ,Active,Electrical Sockets & Accessol ,Active
Tools and DIY,Active,Electrical Equipments & Supplies ,Active,Wiring Accessories ,Active
Tools and DIY,Active,Electrical Equipments & Supplies ,Active,"Wires, Cables & Cable Asser ",Active
Tools and DIY,Active,Electrical Equipments & Supplies ,Active,Relays ,Active
Tools and DIY,Active,Electrical Equipments & Supplies ,Active,Solar Power ,Active
Tools and DIY,Active,Electrical Equipments & Supplies ,Active,Generators ,Active
Tools and DIY,Active,Electrical Equipments & Supplies ,Active,Connectors & Terminals ,Active
Tools and DIY,Active,Electrical Equipments & Supplies ,Active,Motors & Parts ,Active
Tools and DIY,Active,Electrical Equipments & Supplies ,Active,Electrical Tools & Hardware ,Active
Tools and DIY,Active,Electrical Equipments & Supplies ,Active,Switches & Dimmers ,Active
Tools and DIY,Active,Electrical Equipments & Supplies ,Active,Family Intelligence System ,Active
Tools and DIY,Active,Electrical Equipments & Supplies ,Active,"Circuit Breakers, Load Center ",Active
Tools and DIY,Active,Electrical Equipments & Supplies ,Active,Fuses ,Active
Tools and DIY,Active,Painting Supplies & Wall Treatment ,Active,Wall Panels ,Active
Tools and DIY,Active,Painting Supplies & Wall Treatment ,Active,Wallpaper Borders ,Active
Tools and DIY,Active,Painting Supplies & Wall Treatment ,Active,Wall Sticker ,Active
Tools and DIY,Active,Painting Supplies & Wall Treatment ,Active,Window Films ,Active
Tools and DIY,Active,Painting Supplies & Wall Treatment ,Active,Window Stickers ,Active
Tools and DIY,Active,Painting Supplies & Wall Treatment ,Active,Pain ,Active
Tools and DIY,Active,Painting Supplies & Wall Treatment ,Active,Paint Application ,Active
Tools and DIY,Active,Painting Supplies & Wall Treatment ,Active,Painting Supplies & Tools ,Active
Tools and DIY,Active,Painting Supplies & Wall Treatment ,Active,Wall Repair ,Active
Tools and DIY,Active,Painting Supplies & Wall Treatment ,Active,Wall Tapestry ,Active
Tools and DIY,Active,Painting Supplies & Wall Treatment ,Active,"Finishes, Sealers & Stains ",Active
Tools and DIY,Active,Welding ,Active,Welding  & Soldering Supplies ,Active
Tools and DIY,Active,Welding ,Active,Welding Equipment ,Active
Tools and DIY,Active,Building Supplies ,Active,"Doors, Gates & Windows ",Active
Tools and DIY,Active,Building Supplies ,Active,Flooring Products ,Active
Tools and DIY,Active,Building Supplies ,Active,Patio Boards & Fence Materi ,Active
Tools and DIY,Active,Building Supplies ,Active,Millwork ,Active
Tools and DIY,Active,Building Supplies ,Active,Ladders & Moving Tools ,Active
Tools and DIY,Active,Building Supplies ,Active,Strapping Tape ,Active
Tools and DIY,Active,Building Supplies ,Active,Gutters & Accessories ,Active
Tools and DIY,Active,Building Supplies ,Active,Flooring Accessories ,Active
Tools and DIY,Active,Building Supplies ,Active,HVAC ,Active
Tools and DIY,Active,Building Supplies ,Active,Clothes Drying Racks & Poles ,Active
Tools and DIY,Active,Building Supplies ,Active,Deodorizer,Active
Tools and DIY,Active,DIY,Active,Drill Bits ,Active
Tools and DIY,Active,DIY,Active,Wrench ,Active
Tools and DIY,Active,DIY,Active,Hand Tool Sets ,Active
Tools and DIY,Active,DIY,Active,Wire Junction Boxes ,Active
Tools and DIY,Active,DIY,Active,Storage & Tool Organization ,Active
Tools and DIY,Active,DIY,Active,Electric Soldering Irons ,Active
Tools and DIY,Active,DIY,Active,Surveillance Cameras ,Active
Tools and DIY,Active,DIY,Active,Under Cabinet Lights ,Active
Tools and DIY,Active,DIY,Active,Sewer Dredge ,Active
Tools and DIY,Active,DIY,Active,Bath Hardware Sets ,Active
Tools and DIY,Active,DIY,Active,Cable Insertion & Extraction Tools ,Active
Tools and DIY,Active,DIY,Active,Laser Flashlight ,Active
Tools and DIY,Active,DIY,Active,Milling Cutter ,Active
Tools and DIY,Active,DIY,Active,Electric Drills ,Active
Tools and DIY,Active,DIY,Active,Paper Holders ,Active
Tools and DIY,Active,DIY,Active,Entryway Shoe Organizers ,Active
Tools and DIY,Active,DIY,Active,Heat Guns ,Active
Furniture ,Active,Outdoor  Furniture & Accessories ,Active,Outdoor Heating ,Active
Furniture ,Active,Outdoor  Furniture & Accessories ,Active,Umbrellas & Shade ,Active
Furniture ,Active,Outdoor  Furniture & Accessories ,Active,Outdoor Tables ,Active
Furniture ,Active,Outdoor  Furniture & Accessories ,Active,Outdoor Storage Benches ,Active
Furniture ,Active,Outdoor  Furniture & Accessories ,Active,Privacy Screens & Protection ,Active
Furniture ,Active,Outdoor  Furniture & Accessories ,Active,Picnic Baskets,Active
Furniture ,Active,Outdoor  Furniture & Accessories ,Active,Picnic Mats,Active
Furniture ,Active,Outdoor  Furniture & Accessories ,Active,Outdoor Seats,Active
Furniture ,Active,Outdoor  Furniture & Accessories ,Active,Picnic Accessories,Active
Furniture ,Active,Outdoor  Furniture & Accessories ,Active,Furniture Covers ,Active
Furniture ,Active,Outdoor  Furniture & Accessories ,Active,"Hammocks, Stands & Access ",Active
Furniture ,Active,Outdoor  Furniture & Accessories ,Active,Deck Boxes ,Active
Furniture ,Active,Outdoor  Furniture & Accessories ,Active,Outdoor Cushions ,Active
Furniture ,Active,Outdoor  Furniture & Accessories ,Active,Outdoor Cushion Storage Bags ,Active
Furniture ,Active,Outdoor  Furniture & Accessories ,Active,Cushion Covers ,Active
Furniture ,Active,Outdoor  Furniture & Accessories ,Active,"Canopies, Gazebos & Pergoli ",Active
Furniture ,Active,Outdoor  Furniture & Accessories ,Active,Outdoor Furniture Sets ,Active
Furniture ,Active,Home Office Furniture ,Active,,Active
Furniture ,Active,Bathroom Furniture ,Active,,Active
Furniture ,Active,Accent Furniture ,Active,,Active
Furniture ,Active,Dining Room Furniture ,Active,,Active
Furniture ,Active,Bedroom Furniture ,Active,,Active
Furniture ,Active,Entryway Furniture ,Active,,Active
Furniture ,Active,Game & Recreation Room FL ,Active,,Active
Furniture ,Active,Kids Furniture ,Active,,Active
Furniture ,Active,Living Room Furniture ,Active,,Active
Furniture ,Active,Nursery Furniture ,Active,,Active
Furniture ,Active,Furniture Replacement Parts ,Active,,Active
Furniture ,Active,Kitchen Furniture ,Active,,Active